"","code","eb_nmr_2003","eb_nmr_2018","NMr2022"
"1",5002,9984.92483186854,9997.07021999386,9997.41583265911
"2",41006,9979.04486954583,9997.62459718053,9997.50462891589
"3",41013,9993.08708988301,9998.09620453674,9998.5417973778
"4",76243,9987.87856225376,9992.75522686964,9994.05815690317
"5",20011,9996.38883796406,9997.09630170466,9997.55974396585
"6",68013,9996.27175573248,9998.88520878837,9999.49334759845
"7",17013,9992.86249104644,9997.74544497845,9997.56771718527
"8",85010,9986.622073092,9998.75758078857,9999.27511682186
"9",15720,9998.75387560145,9999.37875011731,9999.84647230876
"10",41016,9997.81064202264,9997.98638469577,9998.51051281624
"11",44035,9997.61852115865,9998.91909753348,9998.39195780588
"12",68020,9994.31735456603,9998.60492665758,9999.43437448196
"13",47030,9996.64732094686,9998.4030476114,9998.92219186097
"14",41020,9982.71424918858,9997.62181844491,9997.1605584183
"15",19022,9998.29787097512,9994.06602992131,9995.31086775
"16",73024,9996.91195594116,9997.81963931333,9998.41344669675
"17",41026,9989.13693039193,9997.9637176977,9998.46111541383
"18",5665,9998.94154652764,9995.7645555305,9996.40968868387
"19",52788,9995.16869312163,9997.76390213586,9998.70250416398
"20",73026,9992.52006190997,9998.54716237356,9998.68126401258
"21",5031,9989.91900626013,9996.06163575026,9993.51038321225
"22",73030,9992.65556830422,9995.73228033638,9997.26613712338
"23",25035,9994.6878751044,9998.88703813275,9999.42281808301
"24",5034,9990.32244914279,9989.0508398219,9990.19815331599
"25",5038,9990.79982986065,9997.00495759804,9996.47338518496
"26",25040,9994.18348536278,9998.54786073472,9999.123487864
"27",17042,9978.53977172081,9998.00513302297,9998.41471731389
"28",76041,9987.91383830273,9992.96212954572,9993.72522372539
"29",25599,9973.62245111022,9998.67688620701,9999.41915039804
"30",47053,9989.56844564602,9997.81144668248,9998.56017772904
"31",17050,9991.04262635998,9998.04607084341,9998.46124359312
"32",68051,9998.48984202922,9998.98566360479,9999.57327272571
"33",81001,9991.63729394152,9996.36973345604,9995.44183604648
"34",81065,9988.11813932833,9992.85101420381,9992.77121018998
"35",54051,9972.34172780052,9998.93273751149,9999.10040674216
"36",5051,9998.97121106994,9999.0492056966,9998.27376076318
"37",5055,9985.418907864,9996.86057579424,9997.38752173235
"38",19050,9997.30287505893,9986.17995168358,9988.29252909385
"39",76054,9990.16786349033,9993.629362617,9993.73583716645
"40",5059,9993.59449403522,9991.60200720109,9993.55385600623
"41",63001,9995.3811744879,9997.00502501484,9996.49848832718
"42",52435,9996.70483692405,9994.00873141651,9995.68411456641
"43",20032,9996.69135457222,9998.34271970945,9998.85668638691
"44",73067,9996.58172904767,9998.44886756147,9998.64159891991
"45",27787,9997.76953006128,9996.76816234697,9996.85339542337
"46",15755,9998.76154267946,9998.92001668974,9999.4762660777
"47",19075,9995.38860108609,9992.85968867211,9991.14342059086
"48",66075,9989.99266832097,9997.56339865478,9997.15498143441
"49",41078,9981.5992388456,9997.88973437159,9997.27196469692
"50",15690,9994.93179416867,9998.51980498849,9999.4515069373
"51",18479,9990.93007335771,9997.54370084735,9997.54804978793
"52",18256,9989.22937040183,9992.9477228501,9994.09026265577
"53",15097,9999.43345950725,9999.52455596635,10000.1190978286
"54",15104,9999.12341527956,9999.50308259244,10000.2025610617
"55",15762,9995.11435992158,9999.41240954117,10000.0031278045
"56",15776,9999.22263291441,9999.55029106802,10000.0507194109
"57",47720,9998.56790508204,9998.42981663122,9998.99658929744
"58",13655,9999.10993656871,9998.48397723499,9998.48087827813
"59",15296,9996.79306666426,9999.4999320776,10000.0473876073
"60",27745,9998.76427151286,9993.42318990731,9994.54011684136
"61",17873,9995.34757039587,9998.21003460699,9998.33944009377
"62",5658,9991.06490000157,9998.58227094803,9998.84844848198
"63",18756,9997.38758159952,9995.18195195689,9995.66737540679
"64",5647,9977.72648214136,9997.92718970147,9996.41205813787
"65",20443,9997.0075171034,9998.19699030849,9998.89684432636
"66",17088,9984.28183586144,9997.84560984296,9998.25505222937
"67",52215,9996.38836494563,9999.00305059341,9998.27500719902
"68",18029,9989.01060329325,9997.89697345369,9996.50369228674
"69",70670,9998.21833355638,9998.94531315192,9999.5053050263
"70",47268,9998.60261997452,9998.49437180513,9999.04783539616
"71",23682,9997.49021478296,9992.01755922922,9985.48373876684
"72",19418,9998.93125353308,9993.60604279028,9993.13893561657
"73",54810,9952.28017215764,9985.51120664754,9987.77147985074
"74",15514,9998.87939531975,9999.43133587959,9999.89282751487
"75",13430,9997.8110228067,9998.74558045365,9999.27841503994
"76",68229,9997.06682463959,9998.76399267779,9999.45376473083
"77",99624,9999.66574512299,9997.52056392931,9998.41726698637
"78",97666,9999.47685064086,9999.46935526665,10000.027304559
"79",47288,9986.05607293565,9998.48307256641,9998.95866434316
"80",54174,9997.3645434668,9994.77753158374,9996.72241821755
"81",5079,9992.87435083318,9995.55528185064,9996.84313137379
"82",68077,9997.10980784251,9998.7767994092,9999.54045242821
"83",68079,9997.06201161239,9998.98175915466,9999.58228487201
"84",73001,9997.59145898093,9998.40686060797,9998.4008172587
"85",68081,9994.00164364068,9998.61940425477,9999.10171589634
"86",44078,9989.89152920093,9997.25686297296,9998.09407318997
"87",23300,9998.59824015915,9997.27951051413,9998.09955914568
"88",8758,9996.14470791728,9997.50210850002,9998.23120284978
"89",20045,9986.01246331556,9997.55141309002,9997.98847249796
"90",5172,9993.98325621404,9993.252185382,9992.90439414793
"91",15814,9998.72268212944,9999.02331046193,9999.85531808072
"92",5088,9992.64161686445,9998.53889106502,9997.585254197
"93",5086,9995.18621899508,9999.0619616001,9997.87696889764
"94",5091,9996.0165426125,9987.73333035344,9987.9411671844
"95",5093,9998.30549009742,9994.25835420061,9994.56687042156
"96",68092,9996.4415777579,9998.94485413981,9999.50024545899
"97",25095,9990.80880679485,9997.80937848854,9998.64866116638
"98",54099,9986.65108152744,9997.82944457059,9998.14021075063
"99",85315,9981.95239380951,9998.79600792627,9998.6803561557
"100",20060,9987.11890166155,9997.89501139697,9998.48208058565
"101",68001,9996.73828000634,9998.47476509253,9999.2663248727
"102",54109,9985.73642368658,9992.19810962078,9994.17319902759
"103",76109,9991.38910380392,9996.32663691411,9995.61547627586
"104",63111,9995.57546302549,9996.48718062227,9996.64231619151
"105",70110,9999.18214249548,9999.09352964438,9999.6494812956
"106",27245,9996.89642408701,9995.2639429036,9993.73982053697
"107",76113,9991.70007102348,9993.78688228475,9994.31930065864
"108",25120,9990.51769983305,9997.58175241063,9998.41939674487
"109",68121,9997.32089803064,9998.88448418751,9999.53493316137
"110",50124,9993.80508242732,9997.79958265927,9998.60020399213
"111",25123,9998.64192019688,9998.76324360924,9999.32046286141
"112",5125,9994.92683764901,9996.95597776326,9996.91065840674
"113",76122,9987.73079808592,9993.90167103171,9994.92985766815
"114",70124,9997.11757081116,9999.20545864639,9999.4779137233
"115",73124,9989.25717498499,9998.40416038572,9998.00818589684
"116",95015,9986.77899029381,9996.5791382165,9995.72764648425
"117",5129,9990.63172552672,9996.58126552424,9996.86901031855
"118",19137,9998.2304162034,9998.63061659085,9998.02502129629
"119",76001,9989.72152750061,9993.99638443281,9993.64988336396
"120",68132,9996.06868952123,9998.88820321442,9999.51300151031
"121",76126,9989.72883912045,9995.28720711529,9995.71640484294
"122",19142,9996.11597122287,9991.3001891048,9991.03840261594
"123",5134,9995.8183039225,9997.09344662688,9994.40056458684
"124",15740,9996.76446602852,9999.57821265953,10000.1962570903
"125",41132,9993.97457933962,9996.65738896885,9997.58773494491
"126",76130,9993.65551160013,9993.60750152158,9993.19424774352
"127",52352,9996.88893138542,9995.73303124143,9997.43464573887
"128",68147,9996.67940141855,9998.94640245383,9999.6769491312
"129",5145,9996.11258552871,9998.89323701734,9998.83634887442
"130",5147,9994.66119155169,9994.40659029602,9994.41399337769
"131",68101,9995.63668146473,9998.86848804703,9999.19018041195
"132",5197,9977.50273594853,9996.56243543854,9997.42840164954
"133",27077,9999.05257890735,9998.67971846719,9998.94794734091
"134",5150,9990.87660569013,9998.69142688336,9998.66809785794
"135",76100,9992.27125150879,9995.07381441413,9995.17780476981
"136",15638,9998.94821530559,9998.72159274438,9999.57287131997
"137",76147,9987.74049808351,9995.84421343657,9995.42667709067
"138",73152,9991.18568052591,9996.98877521916,9997.6765112902
"139",19780,9998.94640160197,9989.95695434079,9991.59026263772
"140",5154,9998.44346709047,9983.61356990072,9986.4174527549
"141",68162,9997.49554131054,9998.81672482321,9998.88573135632
"142",52051,9997.91411019239,9998.20380735906,9999.12420085273
"143",73168,9994.11233987692,9997.59076744579,9997.78919955258
"144",68169,9994.61902468937,9998.90536070779,9999.49230597243
"145",68176,9993.68179200136,9998.89747093252,9999.50240471948
"146",20175,9997.03069935122,9998.87135238793,9998.68995091583
"147",25178,9996.29360646223,9998.73279205109,9999.41903574929
"148",47170,9998.47933173248,9998.70412667271,9999.12780967389
"149",13458,9997.85224257676,9998.22277577161,9998.13965965141
"150",68190,9995.81181811013,9997.70327035306,9998.14980604452
"151",63190,9995.44791492826,9995.89419739114,9996.04447453286
"152",5190,9995.81432995937,9991.8607287371,9994.22092704822
"153",41807,9997.05997742079,9997.89035914241,9998.30775632136
"154",73200,9994.74078547823,9998.15122329222,9998.42209267108
"155",25200,9998.11074455403,9999.40289948185,9999.92286016589
"156",41206,9990.78074558449,9997.90120000793,9997.92461459467
"157",70204,9977.12965120911,9999.00013592649,9999.3496430847
"158",5209,9992.90632266246,9997.94477437721,9995.69121689486
"159",47205,9997.81060261302,9998.43652366297,9999.02223332476
"160",68209,9995.41889775181,9998.9069081513,9999.52716385773
"161",27615,9998.77670645438,9997.16278016737,9995.31115439967
"162",5212,9993.68618544273,9997.74152195658,9997.76721203507
"163",19212,9993.24677803784,9977.82323787215,9984.83520812546
"164",68217,9996.20723629374,9998.93826277109,9999.47875281831
"165",70215,9997.44547352463,9998.73166860628,9999.31721348672
"166",25214,9997.73338546901,9998.92446777469,9999.67540322021
"167",73217,9994.45961550134,9996.41807691263,9997.72205938806
"168",85139,9994.16423137296,9998.56039599134,9999.25278245693
"169",54223,9980.78842392514,9997.96369417285,9998.76506530897
"170",50226,9987.18550527292,9999.19608915536,9999.5209645723
"171",99773,9999.82128754776,9998.04105030039,9997.92419553115
"172",73226,9997.41310182222,9998.61451153337,9998.87910080259
"173",5234,9991.73921093471,9996.86552040874,9995.14420304965
"174",76233,9983.33806634788,9995.85974081073,9995.72737313238
"175",44090,9992.13755985929,9998.21658037059,9998.5273927897
"176",73236,9983.37030227976,9997.68157105209,9998.37193932528
"177",66170,9991.58379607533,9997.7420083273,9998.15105656151
"178",54239,9993.41525243153,9995.79540229749,9996.99766532807
"179",15686,9998.38526990432,9999.58333456871,9999.90387292979
"180",5809,9992.28707552198,9996.35418207879,9995.35561358012
"181",15464,9997.88441027846,9999.49598959577,9999.82049875273
"182",5885,9992.14157070469,9989.12767152163,9988.12006041663
"183",5858,9991.57976273767,9983.94282615367,9986.63661432655
"184",23570,9998.94243159013,9998.27378398437,9998.50499904365
"185",52835,9993.04735611896,9982.88863155137,9986.9794908613
"186",5364,9993.51239973736,9987.12746234006,9990.83500179949
"187",25053,9999.61768811461,9999.16112236398,9999.51576373913
"188",76616,9991.18640693748,9995.29865542861,9995.44974240782
"189",25871,9986.40493685406,9998.79712970171,9999.40826371765
"190",25777,9994.23908115845,9998.96098073841,9999.4131787049
"191",13673,9996.02163358488,9998.46294055277,9998.78301479222
"192",5480,9987.35060466988,9988.38088661514,9989.58614821458
"193",68324,9996.17120545244,9998.92092212957,9999.5312565689
"194",25269,9996.95319872223,9999.26362905895,9999.69609845183
"195",18592,9982.35459367141,9996.1743289915,9995.62196749754
"196",27491,9999.20895356137,9996.11834227373,9996.1246055757
"197",8436,9996.46168617553,9998.33854955316,9998.80241615779
"198",52480,9997.46101756451,9996.99178564295,9998.16783166792
"199",15693,9998.29014310238,9999.68167597791,10000.2362102233
"200",13006,9998.19051033952,9998.60970638422,9999.04543063531
"201",52560,9997.60427856944,9997.73581115436,9997.5703258342
"202",5679,9989.05640694351,9993.82944532221,9994.71571787637
"203",27073,9998.52440956009,9996.72076868149,9995.93718777864
"204",15759,9997.19543665673,9999.4846556744,10000.1598225866
"205",5264,9997.91239178257,9998.42303739339,9997.80712183968
"206",15185,9997.1603220711,9997.95710237878,9999.15729509018
"207",13160,9997.98910789783,9996.88571172496,9995.89103636929
"208",15790,9998.24520864603,9998.75399917068,9999.68520945587
"209",52256,9996.54377878759,9975.02842696208,9980.31521479907
"210",68235,9998.24069245771,9998.98394948381,9999.55566750662
"211",66045,9991.55964838685,9997.541448144,9997.5144482349
"212",52786,9996.10813993755,9995.45964856905,9993.07652803733
"213",68720,9997.06935186675,9998.91115378618,9999.51541287666
"214",52320,9997.35129097974,9998.66994753408,9997.723281476
"215",25151,9999.13608263949,9999.30322138474,9999.77841028019
"216",8573,9996.4706525526,9997.7787093537,9998.33311265536
"217",15276,9999.0969528578,9999.44464783512,10000.0871246807
"218",94663,9999.41121055111,9999.32479575071,9999.46667127039
"219",15248,9998.95750112105,9999.41965273297,9999.96191311229
"220",63130,9994.62081050763,9995.58560133941,9996.11221691736
"221",15204,9996.90838104958,9999.21154919646,9999.95776817369
"222",8558,9996.79771292702,9998.27580880646,9998.81119817712
"223",47058,9997.94656839345,9998.32540876551,9998.81625331745
"224",68264,9996.48936021545,9998.89695242952,9999.56182510812
"225",68266,9997.88758878846,9998.91498189345,9999.56149620536
"226",5266,9996.17581850587,9999.12852713085,9999.18895141428
"227",73268,9997.3934818846,9997.32860817309,9997.941630041
"228",73270,9995.71212785004,9998.07529556593,9998.09614695874
"229",17272,9987.46716880325,9997.9770356371,9998.40574072854
"230",63272,9995.28473578219,9996.49251253201,9996.34914122169
"231",73275,9997.50340907493,9995.70412570123,9996.95351345125
"232",19290,9996.74502232425,9996.98235820422,9996.44382273839
"233",76275,9985.83208075811,9995.97756898691,9995.59337714536
"234",68276,9997.81590739793,9999.19669682866,9999.62210857503
"235",44279,9993.96970910107,9997.75839326073,9998.26072317889
"236",81300,9984.24661742963,9985.69317625689,9989.62776777368
"237",25281,9998.01247322978,9998.99950562684,9999.61267512741
"238",15212,9997.55980221384,9998.50743439014,9999.19080882003
"239",5282,9994.81916409883,9990.90659154626,9992.51959296379
"240",73283,9993.61735607808,9997.91405462552,9998.13008755816
"241",5284,9995.64553734075,9998.32603323979,9998.01006387989
"242",27025,9999.38319148084,9999.27093896871,9998.32375914521
"243",25286,9997.55715976212,9999.60288150551,10000.0143389234
"244",70235,9989.79999051088,9998.77648295006,9999.45734638722
"245",25299,9978.75055075548,9998.87610378071,9999.14829282968
"246",20295,9997.00678045713,9998.08310280844,9998.37849931252
"247",41306,9994.06328737787,9998.06195769747,9998.15219552552
"248",76306,9991.15296213658,9996.53413897084,9995.29452148467
"249",5306,9992.47343867398,9994.60490232106,9995.36735800087
"250",25307,9996.86857930286,9996.43719517051,9997.4953296919
"251",5308,9995.77278426371,9997.50601576944,9997.48176497894
"252",15317,9998.58667097697,9999.36338148631,10000.0019332166
"253",54313,9996.21181865186,9995.63903664244,9996.61578205051
"254",5313,9937.58457823886,9999.39252401795,9998.96047395471
"255",25312,9998.02133639616,9999.05479040682,9999.3623485488
"256",50313,9993.27162576284,9997.813046432,9998.29717334464
"257",68318,9997.59938559334,9998.65567048968,9999.02832824531
"258",8560,9996.42962913827,9998.30353971332,9998.8583306069
"259",5315,9991.94567553042,9999.07540437849,9997.58365954085
"260",41319,9994.5320257525,9998.01568705026,9998.50226100701
"261",68320,9997.36360878549,9998.92305263524,9999.52636537335
"262",25320,9996.68198483247,9998.15461227217,9998.90813215023
"263",47318,9998.58748655935,9998.58965121866,9999.15091513066
"264",50318,9989.72673478898,9998.85198729702,9999.42333097557
"265",73319,9994.69459067211,9998.42786416471,9998.75700288401
"266",52565,9998.27767482653,9992.27921376255,9992.93677793547
"267",70265,9998.91808727008,9997.8981305271,9998.41142519601
"268",5318,9993.04827773033,9998.9455177291,9999.02234811644
"269",25322,9996.54310617002,9999.29027207122,9999.81045007169
"270",25326,9999.341729541,9999.02372294972,9999.4953274305
"271",27135,9999.06501077659,9996.14571522027,9996.94520168954
"272",25335,9997.43755305366,9999.00946336537,9999.39004931197
"273",15092,9998.67200161642,9999.37031209709,9999.97761785381
"274",68344,9996.36114117375,9998.89323957994,9999.49550626275
"275",76364,9992.25160232461,9993.31142000629,9992.53436931757
"276",44378,9998.10805599107,9998.91836099774,9998.87226260432
"277",5347,9993.47401144792,9995.86530962866,9995.79338904644
"278",73347,9984.04154188035,9997.58275350604,9998.13732694326
"279",5353,9995.69712867611,9985.54370519696,9986.07919316337
"280",41349,9994.87998647507,9997.73912463932,9998.10075992255
"281",73349,9991.04645288567,9998.14613631152,9998.36534702714
"282",73352,9990.08713078286,9997.94022436801,9998.72998401278
"283",41359,9983.00593692621,9997.26831200282,9998.14212872841
"284",5361,9990.15965553663,9977.40360199882,9981.41529783078
"285",27006,9998.69632710458,9993.50167084558,9993.6895190909
"286",19693,9997.70635288746,9998.13843621797,9997.75098782857
"287",15368,9995.01975439068,9999.46206118046,9999.96269855581
"288",97511,9999.47685064086,9999.46935526665,9999.58529190748
"289",15226,9998.51560351745,9999.35238410266,10000.0313264195
"290",94887,9999.41121055111,9999.32479575071,10000.0339091125
"291",5044,9994.81739806669,9995.48888182311,9995.51916883966
"292",97889,9999.47685064086,9999.46935526665,10000.168334378
"293",52473,9998.26677958379,9998.60460840571,9994.08540674936
"294",27075,9996.3658031887,9990.21451253952,9993.22206909234
"295",15820,9995.66853245137,9999.46163200763,10000.1879342957
"296",52418,9997.07341190342,9998.39611714591,9995.94729407637
"297",73408,9995.07463002847,9997.454618058,9997.96975840128
"298",15377,9997.8771625981,9998.51515582775,9999.01072527244
"299",23466,9999.1620100327,9995.27897346644,9992.9565412331
"300",68298,9994.67343171263,9998.91723587487,9999.71865941582
"301",25580,9991.44525501015,9998.34433989142,9999.08561782205
"302",23580,9998.04260475753,9997.32315077464,9992.88313414792
"303",5237,9995.29528226305,9995.81986270839,9996.47641222485
"304",5756,9983.3507298007,9996.82568517033,9997.27337098485
"305",97161,9999.47685064086,9999.46935526665,9999.55324611107
"306",15664,9996.77604815267,9999.51053161681,9999.92305106215
"307",23670,9998.84948156528,9999.11744217457,9999.59404550181
"308",23001,9998.10826506574,9998.00967844455,9998.28895324459
"309",27099,9999.3222682474,9998.163034577,9997.21989518644
"310",52323,9997.10491217027,9999.19779122749,9998.68761459951
"311",5040,9990.68144836486,9984.19413326226,9982.86963643322
"312",52411,9997.51348467943,9997.47016541831,9997.3153629443
"313",25258,9963.46215455298,9997.93897678482,9998.82024525724
"314",27495,9998.36214753189,9997.5043734216,9997.15527068068
"315",52520,9996.34549658572,9991.33491622011,9991.07474929749
"316",99001,9999.22271970432,9996.90894952884,9997.68308469525
"317",8137,9996.89924275044,9998.17570757947,9998.77936975048
"318",23807,9997.8013546623,9997.59661576168,9995.68978718982
"319",52079,9996.78315876621,9991.12090314241,9991.48422941933
"320",8421,9996.0981176972,9998.05311094098,9998.6153644266
"321",52385,9996.72158538977,9999.08137565055,9996.32967830422
"322",15238,9998.00772057953,9999.79200603617,10000.296143902
"323",13490,9995.65415474078,9997.97343699485,9998.59964527471
"324",25181,9998.77472406204,9998.81320770985,9999.45039035075
"325",18094,9993.79825474311,9997.86472380406,9997.73268833618
"326",23068,9999.09853186841,9996.52914834704,9996.62154785895
"327",13650,9998.62374342303,9998.30537470661,9999.00409154203
"328",15183,9981.95921387936,9998.32087451658,9999.07943968617
"329",5142,9985.54137615363,9997.08095924254,9996.98573343488
"330",94888,9999.41121055111,9999.32479575071,9999.5965218755
"331",18205,9988.91366581992,9991.25727939592,9993.05609264691
"332",20228,9992.26837939979,9996.81193243247,9996.90036948468
"333",54377,9994.62149906223,9998.61225450835,9998.53097387529
"334",68406,9993.61281480436,9999.18553035708,9999.65010775345
"335",25407,9999.52627955164,9998.39742573839,9999.1834025229
"336",91001,9998.02506646411,9998.94029308466,9999.56439999779
"337",5411,9996.51717703411,9998.27747186748,9997.57110740739
"338",52110,9996.99166466261,9999.24279808405,9999.22661326332
"339",15511,9998.83537985023,9999.39418084003,10000.0027897288
"340",68669,9996.85010514257,9998.84354310351,9999.48110480116
"341",52207,9995.4532610152,9999.46537389878,9999.49179331512
"342",20310,9996.94380960096,9996.87409510123,9995.82721666396
"343",15469,9997.65897648852,9999.08827987074,9999.81961594161
"344",54418,9994.05475079221,9998.22134355191,9996.86620344457
"345",68425,9997.61456799727,9998.8934136342,9999.700383485
"346",5425,9974.18183608314,9993.72860976403,9995.04818252719
"347",25430,9999.08650281182,9999.42571303808,9999.97193425638
"348",44430,9988.20193950127,9994.04945629553,9996.44691399911
"349",70429,9999.72541282544,9998.23874755012,9998.64773094567
"350",44560,9998.98807873727,9999.55390945283,9998.78014838111
"351",23162,9997.14702623149,9996.79901677221,9997.90593758497
"352",17001,9994.29256676246,9998.07036893934,9998.45283056377
"353",25436,9995.7940065707,9998.8922952023,9999.21637701242
"354",17433,9994.76898229966,9997.8123409655,9998.29888598125
"355",19809,9998.99596883676,9993.66119581424,9992.46676773755
"356",5440,9991.8531868164,9997.77679954288,9998.32731599106
"357",17442,9993.88409591117,9997.76166343063,9998.44313715572
"358",17444,9994.90096366614,9997.88003308551,9998.15756139145
"359",66440,9992.1302048267,9997.61792760065,9998.08335511924
"360",17446,9992.72892810593,9997.87072213918,9998.35288012618
"361",68444,9992.60803443894,9998.93315982016,9999.50620453212
"362",25438,9994.09937022565,9999.06853876694,9999.575655066
"363",18785,9995.64406655169,9997.0011600617,9995.99464972555
"364",95001,9987.41517399912,9996.5791382165,9995.55145071898
"365",25740,9997.29175052717,9997.74936306347,9998.76482778662
"366",73449,9995.57507086256,9998.33997168713,9998.80414046352
"367",19450,9995.56074721345,9992.33025735584,9991.85533096619
"368",50330,9953.17430116225,9995.54216009075,9995.95231077983
"369",95200,9994.93621559131,9996.5791382165,9997.33731663354
"370",19455,9995.38456721831,9993.1687287131,9992.49763796614
"371",5042,9991.64141845508,9996.52742669289,9996.21002864985
"372",86001,9993.38224144018,9997.18200134633,9996.87691723804
"373",68464,9997.58153629638,9999.01755719371,9999.58709521009
"374",68468,9997.42342273889,9998.92362922927,9999.56525963802
"375",5467,9991.25118543161,9996.50155363358,9997.13021326843
"376",63470,9993.08877546192,9994.13213119385,9994.75802378844
"377",85162,9993.26822305977,9999.01165019401,9999.33589442225
"378",19473,9997.00939502507,9997.11816338357,9995.69015211261
"379",70473,9992.85970063711,9998.89404860749,9999.51855101488
"380",25473,9998.38876434304,9999.02258227392,9999.59357230035
"381",73461,9995.81877569536,9997.18876903182,9997.85569487758
"382",54480,9991.11349690131,9998.29127364537,9998.87873708812
"383",73483,9993.16489053628,9998.92455755246,9998.93599391978
"384",17486,9991.29726320268,9997.80413216083,9998.34065062237
"385",41001,9996.93696538977,9997.54110877484,9997.51214278515
"386",25488,9998.9596812179,9998.46220399221,9999.12877841403
"387",25489,9997.65612144921,9998.87780445048,9999.26940249067
"388",25491,9996.12238497263,9998.54101422584,9999.09186773408
"389",17495,9991.3710671599,9997.99434580918,9998.16851457258
"390",25851,9969.25150818065,9998.92733654672,9999.48107303771
"391",13836,9995.78378450601,9998.46354040628,9998.80672187784
"392",76497,9992.26341860991,9994.27418268376,9994.40175823797
"393",68498,9996.323311564,9998.93377411646,9999.56146012741
"394",68500,9998.70617629205,9998.73746761555,9999.44607780608
"395",5501,9992.53067286585,9991.77312260456,9994.11834851676
"396",13052,9993.68798055524,9997.77138067058,9998.35893265014
"397",68502,9998.19392261265,9998.92428743832,9999.59453208704
"398",41503,9994.85695392324,9998.0223712882,9998.41750939368
"399",86320,9992.75921339616,9993.94531336157,9995.11967982353
"400",73504,9995.61354219079,9999.07118585905,9998.84296108356
"401",70508,9993.12814843677,9999.4054147489,9999.7190237857
"402",25513,9994.10147774398,9999.44099636586,9999.75105598637
"403",19513,9996.0898149455,9997.07879686373,9992.53149850091
"404",41518,9994.0409911775,9997.42581629022,9998.18400530361
"405",20517,9991.90477935949,9996.63569996591,9996.90297365059
"406",25518,9984.55832809304,9998.44866773865,9999.06139620529
"407",41524,9995.26283209621,9998.09374653332,9998.31295104732
"408",17524,9984.23804668969,9997.89935724743,9998.38690369827
"409",41530,9995.52781194658,9998.00377170911,9997.47050359403
"410",18247,9990.56675244263,9997.32979122937,9996.79880792019
"411",15516,9992.99010666676,9999.84383828214,10000.3433825457
"412",13140,9998.65492127724,9997.95466199746,9998.6732445775
"413",15533,9998.70021177832,9998.36169036665,9998.61843612147
"414",19001,9996.96791210584,9997.66627825534,9997.17145750207
"415",76036,9990.04649179489,9993.10733918742,9993.88700526125
"416",85400,9991.86516727612,9998.01924980718,9998.53853674288
"417",15774,9998.94837964002,9999.41064190337,10000.0904809109
"418",23574,9998.54614928868,9997.5567009325,9998.08749435664
"419",19824,9997.70567155872,9997.30838663199,9998.15598814641
"420",54172,9995.02748573402,9998.84699393537,9999.02978449764
"421",18460,9990.37610502731,9993.05263723991,9993.88180767659
"422",19585,9997.92358885187,9999.25993013724,9999.22033373217
"423",52203,9998.11999170344,9999.32744237108,9999.43045114849
"424",5790,9998.73645055281,9954.9436254028,9963.42007500922
"425",15646,9997.60776036916,9998.57372167366,9999.54132627172
"426",19300,9992.52129730664,9991.29758225895,9990.87260895715
"427",13810,9999.42213739871,9997.98040587327,9998.65435088984
"428",41357,9990.9585521132,9997.52507420418,9998.17760371361
"429",25293,9979.71492351111,9998.94437819049,9999.44361597037
"430",73043,9995.06965632627,9995.94693158482,9997.17485390197
"431",91540,9998.02506646411,9998.94029308466,9999.56439999779
"432",52621,9998.55622970012,9993.56394729966,9992.3238834337
"433",68861,9998.02460704953,9999.12950739204,9999.61983311926
"434",15507,9995.60304847374,9998.91005677413,9999.38676214602
"435",8296,9996.2555593785,9998.25113467048,9998.60534582427
"436",13894,9976.20123335773,9998.59942570633,9999.06285160715
"437",5045,9995.83304806592,9995.60220259167,9995.63875146068
"438",76020,9989.11629157605,9994.65441911755,9995.1971108632
"439",27001,9995.64497076669,9992.67112234314,9994.55580427047
"440",52405,9997.83322786509,9990.98761890017,9989.1286207056
"441",68432,9999.112439171,9999.13494388464,9999.66749007925
"442",15403,9998.96120176571,9999.42823073216,9999.88885801486
"443",68370,9997.07667458684,9998.87632536459,9999.52611050315
"444",13074,9999.32648453732,9997.82737948625,9998.61571757511
"445",15480,9997.94620820783,9997.75564452767,9998.84031298494
"446",25823,9964.66093472547,9998.42436508474,9999.15301449848
"447",54344,9986.40009530377,9989.07958017947,9991.82107020153
"448",86571,9988.5011849014,9993.1159402351,9993.86098142125
"449",15599,9998.76053343672,9999.03399371961,9999.92340645526
"450",15757,9998.35672224472,9999.60198484949,10000.0614710254
"451",68522,9997.57729114805,9998.87793803512,9999.50454921711
"452",27250,9999.38951504312,9997.5207747122,9997.062409858
"453",25839,9994.34054182767,9998.67953418154,9999.24727042126
"454",76520,9991.76881220152,9995.11001814993,9994.97225389593
"455",70523,9998.57949871946,9999.18121740052,9999.22356044717
"456",73520,9993.66139294117,9997.86782801373,9998.23024125749
"457",54518,9992.21165488613,9998.5194228918,9998.64119435272
"458",54520,9996.72701058119,9998.51001600988,9998.93143168246
"459",76834,9988.76728580463,9995.13411022621,9995.19869951555
"460",25524,9996.1638361516,9998.05787745733,9998.87846802944
"461",25530,9997.03101176265,9999.09643482172,9999.55608590271
"462",25535,9997.07673739679,9998.73536663962,9999.19117851258
"463",11001,9997.5782971974,9998.63816163518,9999.13198903725
"464",68780,9985.13533517041,9998.91708590083,9999.48468527767
"465",47541,9995.61172827422,9998.39338706561,9998.94096140874
"466",20550,9993.58194581956,9996.76460375658,9996.71246259467
"467",17541,9994.56042257425,9998.01228361954,9998.2404039768
"468",5543,9995.65644221842,9994.7532558628,9993.60911621891
"469",66001,9991.29360709188,9997.54273389207,9997.55678371251
"470",19533,9998.13250216155,9996.58199696319,9996.08092444914
"471",68547,9998.11586746279,9998.9475401713,9999.55198163283
"472",73547,9996.96521897208,9998.46636362566,9999.025366914
"473",63548,9994.34829076153,9996.41704911561,9996.70563546121
"474",5541,9985.71019133137,9997.13120344434,9998.32831690423
"475",68549,9997.00144193209,9998.93330537535,9999.54588089369
"476",41548,9995.65305414315,9998.05369933599,9998.47286261693
"477",41551,9992.26189329891,9997.72134981183,9998.24809923596
"478",47551,9998.23812068792,9998.71330956355,9999.22246395312
"479",73555,9994.05917507847,9997.49263374058,9996.96188955053
"480",73585,9997.49657451879,9998.10004915984,9998.59711455235
"481",47555,9993.92088000186,9997.73955879663,9998.62993177836
"482",85263,9985.13799323927,9998.83249409082,9999.15036194392
"483",76563,9992.80268522209,9994.49212569844,9995.14454569391
"484",73563,9997.04167059376,9998.18352227121,9998.55552561991
"485",68211,9996.95791084133,9998.9133397823,9999.52818997657
"486",27600,9999.19268938255,9997.60263881276,9996.56404518607
"487",8549,9996.46578334747,9998.01185251183,9998.55826963825
"488",5576,9994.47988061197,9995.89974747556,9993.20483653091
"489",47570,9999.25413525616,9998.81566263669,9999.15354431951
"490",15001,9998.75077559062,9999.56712823308,10000.1808173289
"491",5873,9997.28942337695,9998.31427970099,9997.73241495807
"492",25317,9999.59763544854,9999.22867049659,9999.74210071259
"493",68689,9997.40707095071,9999.00571588418,9999.54309516552
"494",25899,9998.72778368026,9998.959624218,9999.75051370582
"495",15816,9997.84211632686,9999.492790568,9999.86258495468
"496",52696,9998.54323896542,9996.50720984222,9996.38357206155
"497",52356,9996.33972399787,9996.76126816618,9997.33090353389
"498",52227,9998.07110165776,9998.93812114828,9998.35298731913
"499",13433,9997.98720081518,9998.26427053303,9998.78414038362
"500",47545,9998.81487435383,9998.46367176818,9998.91982968021
"501",15806,9994.11567489788,9999.67648726287,10000.4084052749
"502",25324,9998.57985798994,9998.81357973485,9999.25760147261
"503",8606,9996.27513525669,9998.11779725459,9998.77261366642
"504",15131,9997.50261522502,9998.51666316064,9999.43329561351
"505",13600,9999.50089173029,9998.4857235124,9998.81558637415
"506",20178,9990.37732596402,9998.23298779722,9998.51656002377
"507",52001,9995.64825144431,9998.68205467088,9998.56658872148
"508",15332,9997.47711432431,9998.62278932508,9997.76412133281
"509",13744,9999.43367948306,9997.44560451983,9998.01800809892
"510",15839,9998.60973372773,9997.26806563524,9998.68614381633
"511",5004,9985.29733978451,9998.29358115432,9997.83759955658
"512",52885,9996.71485142432,9998.64821699543,9999.202813507
"513",70742,9998.20258577473,9999.28297876724,9999.66775722907
"514",15673,9997.79867626199,9999.45072528025,9999.93719078402
"515",5475,9996.43206404769,9995.82187085725,9996.91918264569
"516",47960,9998.31181045634,9998.54375004838,9999.071421129
"517",15476,9999.2538300847,9999.53292923764,10000.1941777412
"518",15810,9995.87507069234,9999.44301802435,10000.0546918937
"519",52381,9997.48463255133,9997.48791729923,9998.66324297043
"520",13222,9994.62682912175,9997.57899426547,9998.23627784394
"521",25592,9988.82135302911,9998.94800102487,9999.40241221891
"522",25594,9997.99849764482,9998.97042657669,9999.56942128553
"523",63594,9989.01397287925,9995.52884592483,9995.50629073857
"524",25596,9985.7132749703,9998.59704194374,9999.1757707753
"525",54599,9988.23353578579,9997.44230897573,9998.20703628727
"526",85279,9992.02533403477,9998.01610481111,9998.88783708134
"527",5604,9980.65427619703,9985.71438736778,9988.63236974965
"528",47605,9997.55843293434,9998.56134706579,9999.11846294682
"529",50606,9990.09057741,9999.053616529,9999.28188396314
"530",76606,9991.97151850933,9995.17093947663,9995.43396281931
"531",5607,9993.63560890495,9998.81234782146,9998.55353133117
"532",25612,9988.3333062809,9998.47491507592,9998.68110547565
"533",91460,9998.02506646411,9998.94029308466,9999.27818517812
"534",27810,9999.21226497769,9995.5913469934,9996.07916262981
"535",15660,9996.23630162406,9998.27574922808,9999.33216784296
"536",52260,9997.34315315866,9999.55594068517,9999.23763501629
"537",73616,9997.39561202627,9998.19350219974,9997.36335952174
"538",44001,9991.87389477353,9996.81569866601,9997.7688031632
"539",5615,9995.9448734457,9998.16612561597,9998.81132292064
"540",68615,9996.94429808485,9998.84270029204,9999.32387072046
"541",17614,9991.99971263479,9997.8626904537,9997.65299271744
"542",17616,9985.73374255991,9998.04589016731,9998.44526011315
"543",41615,9992.78417656587,9997.81902520109,9997.38427556199
"544",70221,9997.86347433068,9996.36930924885,9997.54662656789
"545",76622,9990.30806588216,9995.81056907068,9995.39946295212
"546",73622,9998.19166184194,9997.93600170478,9997.90289419763
"547",19622,9995.90276073169,9995.53130749657,9995.54743809693
"548",73624,9990.15970141273,9995.40331802785,9997.0789958672
"549",5030,9990.0414585667,9998.01636440956,9995.97174590294
"550",5628,9991.55744177451,9996.17014512044,9994.27238375403
"551",85300,9995.03817249935,9998.24965178828,9999.09672267245
"552",41298,9993.38795809259,9998.41345969924,9998.29336415129
"553",5631,9994.87820443745,9998.84301839577,9999.05563164881
"554",41660,9994.73161670858,9997.70505246242,9998.33723415261
"555",17653,9990.27896789963,9997.87863977433,9998.30576895523
"556",47675,9995.82779028356,9998.55776604159,9999.06684626211
"557",54660,9995.51145934822,9998.98286948173,9998.67552466737
"558",63690,9993.45233515995,9995.88643809808,9996.71506807848
"559",5642,9992.27606440992,9992.19942563313,9992.18871724447
"560",23672,9996.73222142234,9998.11865466437,9998.47712319624
"561",27425,9999.59037827958,9997.28518842423,9996.56101569625
"562",44098,9993.61731760113,9999.12414437119,9998.95391733833
"563",13647,9996.69719581121,9998.54178500766,9998.98236302666
"564",25148,9994.59165461328,9999.17008605617,9999.56230214219
"565",23586,9998.80191293833,9998.59827139838,9998.90456160879
"566",27361,9997.85309936031,9997.24658894839,9997.51706910564
"567",52210,9996.1501267921,9999.21130356665,9998.89919215744
"568",15425,9987.89061857623,9999.46339201983,10000.0909195266
"569",25368,9993.51841310946,9998.81651135322,9999.34562629848
"570",66594,9987.53526740106,9997.73133352761,9998.25797941859
"571",25224,9996.91414191797,9999.05831362344,9999.51171240746
"572",25288,9999.18771072035,9998.96672465761,9999.68528135934
"573",15723,9998.2952902057,9999.3096900665,10000.0054227714
"574",25279,9999.6242688139,9999.18329415425,9999.56402308367
"575",52354,9995.85692937843,9999.20414037871,9999.3213790524
"576",68682,9997.66122493942,9998.73688399297,9999.4462810444
"577",54498,9993.91027277301,9997.54398966812,9996.28063291436
"578",86568,9985.15933292309,9993.46171023496,9993.44907064442
"579",76318,9993.01799060289,9992.36885945212,9993.57382881684
"580",15676,9999.05524998455,9999.42978753319,9999.91834396941
"581",70820,9996.02178650666,9996.46083255079,9997.52927393653
"582",68368,9995.75407066551,9998.75303354149,9999.41857445749
"583",70400,9998.50302260906,9999.1478120963,9999.3744807119
"584",68160,9997.37655055555,9998.88885281208,9999.48691218528
"585",15832,9998.35003456144,9999.34526275289,9999.90785281817
"586",5656,9996.26166489389,9994.18227654216,9995.45270487064
"587",13670,9999.24307650133,9996.98165516593,9995.92522868778
"588",25426,9996.87959595097,9998.59363285983,9999.09684565752
"589",23168,9997.87986658372,9998.53288418003,9999.0625183958
"590",19355,9998.30205601335,9999.21174415074,9999.48419142318
"591",52378,9997.59125681898,9998.55055451682,9998.49353044269
"592",15753,9999.47215814564,9999.62712977099,10000.1876191753
"593",5368,9995.42729434613,9997.94914759964,9995.60993813843
"594",19130,9994.26277241699,9995.02293987599,9995.85837322503
"595",15494,9999.20594151393,9999.52459318344,10000.145221701
"596",54125,9995.27622429406,9997.96229040039,9998.23293451459
"597",15187,9999.08067122495,9999.42339943809,10000.0803261665
"598",91530,9998.02506646411,9998.94029308466,9998.66174038249
"599",5206,9979.86723402477,9998.82825212588,9998.91456238673
"600",94884,9999.41121055111,9999.32479575071,10000.0018133908
"601",13188,9999.14712844183,9998.43150126098,9999.14203867227
"602",25168,9999.03898513555,9998.8906382024,9999.32431251456
"603",68207,9998.21344329507,9998.94596054226,9999.22130929744
"604",86885,9990.88511059559,9995.04097705018,9995.54559080167
"605",13838,9993.40762428544,9998.51198008043,9998.55732406013
"606",15162,9999.03034254482,9998.58831637526,9999.59363428032
"607",41885,9995.529117599,9997.91188531727,9998.28382468537
"608",13549,9998.75446693317,9998.54107916444,9999.03951524322
"609",23419,9998.44573363588,9996.54370496433,9997.67010638422
"610",68322,9994.03356993493,9998.89205455735,9999.49930690288
"611",19517,9998.75856865392,9997.93588890288,9998.5425007317
"612",15879,9997.23014782024,9999.41218205492,10000.1539374379
"613",15835,9997.46995061022,9999.55362937362,9999.91251688891
"614",5120,9998.91188921383,9977.06553068912,9977.95141013282
"615",52254,9997.33951981563,9996.55192940385,9994.94722823003
"616",23090,9998.435768198,9997.87326895534,9998.34423199938
"617",5400,9993.42610805886,9997.92727218601,9998.36422983222
"618",68271,9994.37698372705,9998.93483937244,9999.60459764364
"619",5659,9996.82600353563,9997.85314858137,9998.50704130695
"620",23660,9998.27653805506,9997.85837856851,9998.69801547523
"621",8141,9996.17651631559,9998.13658144082,9998.69613155716
"622",15632,9997.62771980051,9999.150052078,9999.82859307868
"623",52022,9997.32998689599,9995.60857369463,9996.92391416232
"624",25295,9997.76861394097,9999.03066507512,9999.68232596139
"625",5101,9990.65030969938,9982.99970353823,9985.80965845891
"626",17665,9990.94312575831,9997.97478181078,9998.43671678969
"627",52720,9997.94851367982,9999.26953567753,9998.64923974829
"628",15897,9999.13557400965,9999.49603141929,10000.0507153219
"629",15696,9997.0884321324,9999.43287584005,10000.0200587266
"630",70230,9987.09908603001,9998.25750897104,9998.77206162746
"631",41668,9989.05203518494,9998.15437580046,9998.6219495873
"632",52490,9998.16927601487,9988.31274179452,9991.50020000249
"633",5360,9990.73289931966,9998.20179515803,9998.87365508352
"634",15537,9999.1488017799,9999.48518041757,9999.94925590729
"635",15407,9999.50968736063,9999.27453733357,9999.99144631425
"636",50568,9991.13587976695,9998.87834161943,9998.2579050267
"637",15531,9994.73827192107,9999.56942099068,10000.0686799873
"638",52694,9997.86186194608,9999.22632486329,9999.23909520351
"639",68307,9997.07997640018,9998.63078893433,9999.37171956114
"640",47258,9997.54898585204,9998.4588284415,9999.05931212162
"641",15500,9994.970022965,9999.42416482122,10000.049352737
"642",8078,9996.07112772762,9998.50065288865,9998.87832197458
"643",27372,9998.81983691495,9993.29290706337,9993.33277559442
"644",41483,9995.65635586397,9998.02579632191,9998.37665900693
"645",15232,9996.93113357423,9999.49794782626,10000.0293108973
"646",8832,9996.58492843456,9998.19655530459,9998.6023366326
"647",25183,9997.18566207395,9998.03925122788,9998.88629410405
"648",54347,9984.32559047895,9998.46485144962,9998.77013570575
"649",94001,9999.41121055111,9999.32479575071,9999.88844410661
"650",15798,9999.07345759667,9999.45827047466,10000.0258436756
"651",23855,9998.52045080776,9998.18493967614,9997.36062855499
"652",13062,9997.35726893185,9998.23234899936,9998.69156486423
"653",27050,9998.31687738662,9991.34125519701,9993.30463520381
"654",27160,9998.57798760962,9994.72340855611,9995.4827954269
"655",15804,9999.44976247153,9999.61355867582,10000.0885838597
"656",27430,9999.37925599553,9998.85427089684,9998.92462307231
"657",50110,9998.42656663294,9998.94659104747,9999.25636432787
"658",25817,9998.93853276387,9999.59536641627,10000.0317300276
"659",13760,9998.12607686614,9998.52495013368,9998.95386254823
"660",52683,9996.99604342747,9999.20189515433,9999.45274874501
"661",15172,9992.5472655621,9999.42661127745,10000.051984199
"662",52036,9996.26411108767,9998.17433588074,9997.38615389162
"663",52573,9995.6530285639,9997.3338959372,9997.74487114077
"664",15681,9998.76556326814,9999.55307095395,9999.93897178095
"665",15491,9999.60993633022,9999.72888270217,10000.3560862656
"666",54001,9987.42797668776,9997.15146430288,9996.00384511525
"667",97777,9999.47685064086,9999.46935526665,9999.82994284324
"668",15621,9993.36545060295,9999.39144915903,10000.101502737
"669",13442,9997.89897661489,9998.04920311562,9998.53272690034
"670",54680,9979.73487635353,9998.07555679172,9997.68901248506
"671",86760,9995.78983081214,9996.23510086868,9996.96509754159
"672",52390,9997.95664494234,9994.98369070402,9993.89362360193
"673",15518,9987.21945817847,9998.34140355528,9999.0626912883
"674",66456,9984.48489186318,9997.58900388503,9996.55436965466
"675",66687,9992.26569374269,9997.51519039492,9997.43443974008
"676",81736,9975.34887460121,9994.62302562242,9994.12129589533
"677",54720,9991.40151641744,9995.01496514441,9994.51032967263
"678",25718,9993.3157954492,9998.78747189156,9999.34806257127
"679",5736,9991.81372272948,9990.21476453698,9990.9797625614
"680",76736,9988.35418266966,9996.41207343104,9996.22826552693
"681",86749,9990.41986136026,9996.91812423951,9997.46852087781
"682",54743,9994.29285658502,9998.63740318918,9998.9130800742
"683",25743,9980.47659250594,9999.39470893345,9999.77617064737
"684",19743,9997.50137728504,9999.6412413996,9999.38576379357
"685",68745,9997.91899817161,9998.69602030233,9999.38581034057
"686",25745,9999.56605146949,9998.8595281489,9999.52618169524
"687",70001,9996.26911581308,9998.60730795522,9999.24574364481
"688",47745,9997.23043728437,9998.49146891454,9998.90773438986
"689",25754,9996.23280000694,9997.68642148154,9998.63765146888
"690",68755,9998.79303963413,9999.1212573729,9999.62806322664
"691",19760,9996.76915329366,9997.72404839538,9998.12353671822
"692",68770,9995.32687979475,9998.9980560905,9999.55928937795
"693",41770,9988.55270034935,9997.79300826178,9998.29450430635
"694",25769,9998.90517139045,9998.97783513901,9999.66094870673
"695",19785,9996.72392888567,9996.2192943523,9995.33463923818
"696",68152,9998.08188924965,9998.92715766312,9999.60085159221
"697",68773,9989.25350386217,9998.95757821144,9999.5286529905
"698",70771,9998.45835678306,9998.63181144142,9999.14567487105
"699",25772,9999.65626462333,9998.68939353863,9999.34131046652
"700",25779,9999.51737904814,9999.0206036553,9999.67472230259
"701",25781,9997.3385514795,9998.98537591378,9999.65739748455
"702",25785,9997.30951060079,9999.39504341434,9999.96081382254
"703",8685,9996.42162587736,9998.40055557552,9998.91586537039
"704",20787,9997.53276474801,9998.66276834325,9998.78678148927
"705",81794,9959.571417666,9993.59638610793,9994.52500210506
"706",41791,9996.8978820587,9997.6235158024,9998.2572997949
"707",5792,9995.6762771992,9995.04681560336,9994.00777362987
"708",85410,9996.03193761363,9998.91740420486,9999.28500551427
"709",25793,9995.91279278221,9999.04746699757,9999.69245408482
"710",41799,9986.58871702296,9997.99858599588,9997.64264012999
"711",25797,9995.79926404827,9999.09746351475,9999.46823032607
"712",47798,9996.24977263864,9998.24222292598,9998.88058162998
"713",25799,9997.6563288233,9999.12694055228,9999.85399747854
"714",54800,9984.77970788283,9984.24247565853,9986.55134984154
"715",41801,9991.97954538042,9997.76201151228,9998.22897891238
"716",41797,9998.55218747722,9998.12851725966,9998.45849965654
"717",25805,9987.55896654565,9998.92291412625,9999.49635279898
"718",25807,9991.58881325918,9998.84120774838,9999.35999690962
"719",25815,9997.50469620974,9998.93750754339,9999.27815575445
"720",5819,9975.25326608936,9993.00180913276,9990.97331622247
"721",54820,9996.77500185189,9997.68379014849,9998.17888670022
"722",15466,9997.78292391162,9999.47846050779,10000.179600532
"723",68820,9993.69991163796,9998.96730830466,9999.53245389353
"724",76823,9991.73755484401,9993.29517057552,9993.67180702028
"725",85430,9994.11974682758,9999.30126605358,9999.34953107091
"726",76828,9992.09963275428,9995.55165855728,9995.38305005238
"727",5837,9996.24245843425,9991.33467311933,9993.01148022148
"728",25841,9996.91679679372,9999.03365376153,9999.61804835029
"729",76845,9991.62426830711,9994.67461692975,9995.4744319744
"730",25845,9998.29831594796,9998.64253235167,9999.36851389133
"731",5036,9991.89638586365,9994.58096790077,9995.52828122754
"732",52699,9998.38671078382,9994.99933359827,9994.43479095218
"733",52083,9997.79334233323,9999.16252346697,9999.24124384273
"734",63302,9991.56592981267,9996.10101101581,9996.36059638194
"735",5483,9986.58510449083,9996.45539259394,9997.19706204384
"736",8372,9996.81532560251,9997.96603860598,9998.56297967332
"737",23686,9998.6402693589,9997.96436669673,9998.39051071043
"738",18860,9994.37080853683,9998.23828924889,9997.40583461569
"739",50400,9975.35820086229,9995.79872618261,9996.65100092142
"740",81591,9978.48244664335,9995.41116943898,9995.18253287052
"741",5001,9991.02735509763,9997.50780011505,9997.883126508
"742",25878,9987.61995595764,9999.23340297284,9999.69267091683
"743",76400,9992.75870627582,9994.36248343566,9994.47617928004
"744",15763,9999.42425161916,9999.61323875135,10000.1339690036
"745",15299,9999.64288441115,9999.7226170674,10000.255994961
"746",13001,9996.66523916159,9997.67278182084,9998.31575427372
"747",85015,9966.6496693568,9998.82423803372,9999.365614025
"748",73148,9995.2592164654,9997.49782051507,9998.41447181113
"749",50689,9987.53787932336,9998.07127997244,9998.09530925675
"750",25898,9997.49124494719,9998.93622101553,9999.52792847222
"751",13580,9998.97210569885,9998.37198366406,9998.85293187276
"752",68250,9994.08996147808,9998.77407181477,9999.4487684439
"753",15215,9998.68343135978,9999.40626300818,10000.0742657623
"754",25398,9990.7121783346,9998.55494614743,9999.20583192597
"755",25086,9991.68608079464,9998.79763298138,9999.04964776291
"756",5113,9994.62666523604,9991.61827890393,9993.71446089378
"757",23815,9998.57064797617,9999.08363104748,9999.62613256482
"758",15367,9999.31656483085,9999.5687483488,10000.2016277403
"759",15325,9998.23353630846,9998.52021381118,9999.22081821968
"760",8520,9996.90653244034,9998.37240097383,9998.95221448519
"761",15244,9996.73788449116,9997.78078792958,9998.47415242272
"762",13440,9999.04764112057,9998.54388120636,9999.09410423664
"763",25736,9991.72262796499,9999.19241727349,9999.57707736104
"764",5761,9995.42557164437,9993.7581084454,9994.77448883465
"765",15401,9996.0129697132,9999.30239517185,9999.6805728451
"766",20013,9991.15917949228,9997.82860351212,9998.32216230203
"767",15572,9997.89996482477,9996.64838670501,9997.3999924964
"768",25297,9983.74920610994,9996.75865234446,9998.12556664517
"769",13212,9998.69854584289,9998.49488213463,9999.16677090787
"770",47692,9999.0125556284,9998.59998170684,9999.14852360966
"771",66088,9991.33259044354,9997.66727612743,9998.14654885356
"772",68855,9996.50078764532,9998.95142668082,9999.549680987
"773",18150,9995.10860517891,9993.1144590223,9992.90466076068
"774",52693,9995.957317718,9997.47055013374,9997.77766543122
"775",15114,9997.99698992172,9999.29812225526,10000.0306046122
"776",52224,9997.45805362818,9999.40627739261,9999.08452445585
"777",5842,9997.05117993577,9995.56262548178,9996.41668131327
"778",50370,9993.03177800594,9992.66922528253,9994.1203386353
"779",44847,9998.96896104141,9999.42500353318,9998.72196487215
"780",5847,9989.35831259214,9994.5787600676,9995.39341190307
"781",44855,9991.06117192067,9997.23654357569,9998.17464628196
"782",5854,9993.09933045383,9976.09564980921,9974.83411762324
"783",15176,9997.39030768634,9999.06654833854,9999.74083238656
"784",25328,9975.9050415154,9997.95330272887,9998.66345620804
"785",13657,9996.60848659033,9998.65464282719,9999.08039584463
"786",20001,9991.43909493187,9998.32359077285,9998.69801085675
"787",73861,9993.93673249579,9998.09875475817,9998.39820950414
"788",5861,9997.36371009202,9987.79516278976,9990.72372658983
"789",25506,9995.04948057842,9998.46776171785,9998.86356639278
"790",25862,9992.93031353469,9997.74160498688,9998.72005106436
"791",76863,9992.07017157308,9994.86596217166,9994.54328950717
"792",68867,9997.45898848143,9998.88697216582,9999.37916753275
"793",17867,9995.80514696935,9997.95733770023,9998.20787882388
"794",15442,9998.4093720272,9999.53652924993,9999.83182058299
"795",76869,9990.69990257658,9995.6363278575,9995.29968070584
"796",5495,9998.97651721131,9995.86667395719,9994.83075629125
"797",13473,9998.96208545311,9998.20803522358,9998.57271815065
"798",5893,9992.28101450369,9996.03538152795,9996.25564591078
"799",52585,9997.65136191788,9996.28195595797,9997.33174098162
"800",19845,9997.42273670898,9991.86926189824,9990.96258070282
"801",73870,9996.23213533727,9996.09785089966,9997.26296343389
"802",85440,9989.59620331004,9997.11691642839,9998.19654949253
"803",44874,9989.93129773687,9998.21739633379,9998.6948997456
"804",68872,9997.63280306699,9998.96818661007,9999.57320659006
"805",73873,9996.3707650092,9998.42376542342,9998.7589044685
"806",50001,9994.74913128312,9997.60375022668,9998.36741895723
"807",41872,9998.35091785911,9997.89813147267,9998.49567106103
"808",25875,9994.66745037863,9998.54719813471,9999.09637482448
"809",50711,9981.83302392803,9996.53792112832,9995.60595283364
"810",17877,9988.36468812434,9997.88397027987,9998.31450677903
"811",5887,9988.04962678952,9985.11661637902,9987.28141508966
"812",85001,9985.37623535214,9999.19168762917,9999.39104540716
"813",76890,9991.38002686693,9995.63410755419,9995.2861380693
"814",76892,9991.68539526474,9992.55895778831,9993.60224833636
"815",68895,9996.15267994987,9999.00127008868,9999.59377823601
"816",5895,9998.18092848492,9990.05341020924,9987.81172268975
"817",76895,9991.5823267163,9994.58711776265,9994.89158281913
"818",73671,9995.92195491763,9998.22744013322,9998.64268559387
"819",25658,9996.18063560453,9998.41040300456,9999.2419099356
"820",50450,9995.14455083742,9988.16125506067,9988.61425084692
"821",70678,9996.88358161861,9998.42994371804,9998.96195948586
"822",19807,9995.87546603336,9997.32398807794,9996.4420748712
"823",66682,9990.7831494638,9997.80290481859,9998.24146584889
"824",15778,9992.06816054446,9998.57137750429,9999.58044557506
"825",73854,9996.23466236688,9997.86585456891,9998.15723463502
"826",25386,9997.26286586875,9998.65557104504,9999.33639449868
"827",20570,9986.55785228268,9998.29037174816,9998.7402208539
"828",5649,9966.45939268002,9997.74008009973,9998.14401474467
"829",25572,9996.53794183226,9998.36549435872,9998.76960223243
"830",76403,9992.79249887352,9994.28577056863,9994.51289334008
"831",47707,9997.69963133675,9998.65888133327,9999.03032667938
"832",63401,9994.82747693578,9995.45635081711,9995.41674291734
"833",25645,9998.11303116485,9998.08108588961,9998.90494659129
"834",41396,9997.59499003051,9998.24748343442,9998.81512504143
"835",19397,9998.03416298978,9998.07388858384,9997.97450277902
"836",85136,9992.38830528897,9998.75594294259,9998.48588207796
"837",19573,9995.32154968003,9985.66284741915,9988.42891719225
"838",68575,9997.83077909212,9998.81525951321,9998.8448035052
"839",25649,9994.59209635231,9999.07364317685,9999.34839495158
"840",68572,9995.70875930816,9998.91462381055,9999.57105320853
"841",25394,9943.43403796853,9999.08437937226,9999.49334266805
"842",85125,9990.35395285931,9996.75712761364,9996.95188747686
"843",68418,9996.37142385083,9999.04771252608,9999.60932241436
"844",54553,9991.10470205653,9989.29513839309,9992.73963480178
"845",5690,9977.25832032694,9997.68730295083,9997.37119800695
"846",54670,9990.10847264072,9993.78853272589,9992.34380074425
"847",68377,9997.15526930422,9998.9491874141,9999.5403806676
"848",20710,9996.81392803178,9998.29425778174,9998.54302696506
"849",68573,9993.52533348696,9998.38454784402,9998.83089968891
"850",25653,9988.19281951251,9998.92788679711,9999.52774885139
"851",47001,9993.51180289996,9997.97208872849,9998.58012604562
"852",99524,9999.7315329832,9997.41570653463,9997.88022601323
"853",73686,9994.5737662595,9998.43219140601,9998.42170674738
"854",76670,9991.36234417502,9994.60111274174,9994.8355036618
"855",5591,9996.53092738441,9994.37712624264,9995.72391566729
"856",68679,9997.9304857685,9998.87756142562,9999.50955258393
"857",86569,9991.81652671939,9992.49773187831,9993.30645739946
"858",5670,9977.68324789956,9996.07497218395,9996.93163669717
"859",5789,9995.25343536154,9997.81186921126,9996.48690970196
"860",23555,9998.31498899049,9998.23898221051,9998.26188500888
"861",15090,9998.48041450284,9999.34006918381,9999.9490847622
"862",8849,9996.26680935304,9997.98129635279,9998.55647374472
"863",27413,9999.32369293365,9998.48460175355,9996.73597714132
"864",8638,9996.58744354107,9998.09300159165,9998.65008947743
"865",5321,9992.84231663395,9999.24254790206,9999.55314047181
"866",70823,9992.25064484613,9999.36383846471,9999.23739805319
"867",25843,9999.04955453353,9999.07685582293,9999.65872207262
"868",52399,9996.74948601418,9997.79665883183,9997.96794019381
"869",18753,9992.72688833923,9990.71074375206,9992.87039583101
"870",8770,9996.54545093873,9998.16988291816,9998.71239148322
"871",13780,9998.5632806136,9998.6457825125,9999.19775592904
"872",13300,9999.17214323377,9998.61237741483,9999.08185541115
"873",52678,9995.98041190799,9983.80858506834,9988.67462762849
"874",41676,9996.32166632985,9997.70963460869,9998.19956158104
"875",54003,9994.33499632426,9996.94508342799,9996.74273760618
"876",17777,9986.11551965584,9997.82400964796,9998.42857172742
"877",25372,9988.14689005031,9998.54249677075,9999.12952337612
"878",68167,9998.76496098046,9999.02934779345,9999.68681318542
"879",13244,9992.63531421703,9998.28275433445,9998.86056834218
"880",18410,9994.04646728711,9986.18344831973,9989.39594536996
"881",25873,9995.61627264994,9998.1046847745,9999.02420661614
"882",27150,9998.97633785896,9996.64082795063,9996.64851548339
"883",8001,9995.75345831424,9997.41683242799,9998.16017887453
"884",52838,9997.35993424287,9998.94597510051,9998.68137807467
"885",15808,9993.19458599099,9999.42806919845,10000.0130748372
"886",15380,9995.45263217963,9999.39568787011,9999.78568689041
"887",27450,9999.42034818111,9998.50021163278,9998.02757883558
"888",18001,9993.57986052743,9997.83610335526,9996.91674375719
"889",15180,9991.75683361706,9999.46429134549,9999.75918311897
"890",68255,9994.86904201959,9999.05453257627,9999.62097813858
"891",23675,9997.82918926552,9998.6137729228,9998.92530242531
"892",15667,9995.99284598961,9999.50627394616,9999.91104914233
"893",25758,9999.28367630262,9999.21896228683,9999.8322672817
"894",5138,9994.31561814144,9997.60961803633,9996.93851530163
"895",25885,9996.26014426176,9998.83376548562,9999.29546504486
"896",73770,9997.7856998464,9998.28835977484,9998.52671523267
"897",5579,9993.47179129945,9996.19462165098,9996.05991706405
"898",19364,9998.69990546147,9998.25443385833,9997.82918495832
"899",5652,9955.33998270268,9999.06407538521,9997.8872964634
"900",5660,9986.87742673867,9994.81574661532,9996.19770709775
"901",70717,9998.46234991209,9999.32351727489,9999.84108940577
"902",73675,9996.01888516986,9998.43264688435,9998.48951223067
"903",54385,9997.48340152108,9997.04949159036,9998.04625722648
"904",91536,9998.02506646411,9998.94029308466,9999.56442597589
"905",50150,9983.71269264546,9999.41145368919,9999.38959822369
"906",19698,9994.50550010665,9993.17098921622,9993.54258120524
"907",5390,9991.73305678717,9992.10602240391,9993.47481874908
"908",25154,9997.35249655531,9999.07094783132,9999.61496840218
"909",66400,9988.38420663526,9997.53243880865,9998.00348282666
"910",68673,9997.83614534898,9998.90334759664,9999.60915405841
"911",5585,9998.26815247951,9997.36294839275,9997.11625891329
"912",70708,9998.85922633572,9997.73806074921,9998.46039383261
"913",54398,9990.05905603649,9996.93343217159,9995.89528581808
"914",91669,9998.02506646411,9998.94029308466,9999.06470542661
"915",15189,9992.74383500772,9999.50389442396,10000.1252292842
"916",44420,9989.91807169639,9998.29190251154,9998.74101555738
"917",20383,9997.65420346074,9996.97671002023,9997.3721601463
"918",73678,9996.20883746447,9998.09889544883,9998.47776436163
"919",68179,9994.66524530884,9998.93059803238,9999.55508165331
"920",91407,9998.02506646411,9998.94029308466,9999.67699093765
"921",5667,9988.53104953518,9999.53572068005,9999.40928750351
"922",91405,9998.02506646411,9998.94029308466,9998.96264384342
"923",19701,9998.40065917113,9998.28901478878,9998.32529138752
"924",25662,9976.68179943256,9998.67762870979,9999.03450767306
"925",47980,9989.40351828811,9998.06318492888,9998.71950983499
"926",76377,9987.72290979792,9995.39838762214,9995.18025770704
"927",68397,9994.09333289471,9998.77204877199,9999.46186152697
"928",17380,9992.681752594,9997.71215644412,9998.17164203281
"929",20400,9994.94658106889,9997.57246943774,9998.06924297071
"930",66572,9991.07194836963,9997.6801035329,9997.57464346874
"931",70418,9997.76525195883,9998.83147588046,9999.45370256138
"932",66383,9990.86319170013,9997.61027193827,9996.72855238977
"933",50350,9986.07791369744,9990.94556990927,9992.39631204316
"934",47161,9998.30279271398,9998.55527640968,9998.99200841069
"935",17662,9985.01864783057,9997.63654520411,9998.01883350622
"936",86755,9994.46116943412,9996.54542708386,9996.73894317657
"937",15842,9998.65910937461,9998.22084803757,9999.31107279184
"938",13620,9997.81666291114,9998.45984516208,9998.89215526445
"939",27580,9999.20160788163,9997.78435660642,9998.18970887869
"940",8433,9996.84207949085,9998.16020892569,9998.70209297081
"941",13042,9999.31398611295,9998.19203359261,9998.77127725164
"942",54206,9990.03297910585,9989.14367187758,9990.26168213939
"943",15580,9998.56466481846,9998.65426807041,9999.2359836302
"944",25099,9995.20889073334,9999.15086664632,9999.60269742574
"945",15236,9980.30033730211,9999.35520314672,9999.80253466433
"946",23464,9998.56277588939,9999.02173209229,9999.45015020015
"947",50006,9991.82158578207,9998.65512198633,9999.11026946261
"948",5490,9997.64967983414,9997.34417973944,9997.07062671671
"949",23500,9998.61714247192,9998.45372087516,9998.75659886737
"950",52258,9997.68822401482,9998.211388373,9998.45451227223
"951",23189,9998.11925952265,9999.00929432357,9999.18856277961
"952",50325,9996.48259853916,9986.7043567807,9989.98581626073
"953",13468,9998.83090574209,9998.79413363314,9999.2593261532
"954",15224,9997.62357766872,9999.45408267954,10000.0071502882
"955",23417,9998.7516982417,9997.76446347466,9998.47487909535
"956",68684,9997.18027948321,9998.92753375425,9999.62355662475
"957",15542,9999.47360301311,9999.57689033945,10000.1780212144
"958",52240,9996.68680875164,9999.55471571954,9999.47585147613
"959",8675,9996.75923563708,9998.19494514746,9998.72742967082
"960",73411,9994.88865755769,9998.30983969683,9998.47683986254
"961",85225,9992.7333927496,9997.25916540727,9998.25783081665
"962",13030,9998.46228991385,9998.27353199921,9998.72026684559
"963",68705,9997.46300322224,9998.8953072812,9999.46352795353
"964",23079,9998.29744235842,9996.49494780248,9997.03971417344
"965",52612,9992.20505766656,9994.53573871281,9993.49692302514
"966",94885,9999.41121055111,9999.32479575071,10000.0005381437
"967",41244,9995.51432361616,9997.94975300404,9998.35094352633
"968",52540,9996.36658728432,9974.10557926014,9980.72993973401
"969",25339,9998.88055586201,9998.88999545141,9999.458954158
"970",47703,9998.34721181003,9998.46765333284,9999.11299300973
"971",52687,9997.98798810708,9997.99359532334,9998.16980377913
"972",15087,9997.79345723938,9999.59704659305,9999.86732236984
"973",19548,9998.38940182926,9998.24916856703,9998.43250239546
"974",15272,9998.11809375638,9999.57448915129,10000.2431510931
"975",27800,9997.38822395669,9994.11987484132,9994.0018644456
"976",15550,9986.21124523747,9996.13440720687,9997.70812430298
"977",85325,9986.19948502609,9997.63571942323,9998.56122140849
"978",18610,9989.53661142833,9990.16143548024,9992.94111542688
"979",70713,9998.36741235061,9996.24007382385,9997.53305897835
"980",25402,9991.15771895447,9998.58982607585,9999.17941510054
"981",86757,9992.64281885361,9992.18228192782,9992.8467928059
"982",50686,9993.29335621897,9997.91687775026,9998.87310963602
"983",47460,9995.71714524631,9998.69306415256,9999.09519994797
"984",5686,9995.02847531735,9996.74884903011,9996.95396192004
"985",5664,9996.96749996912,9993.28296167537,9995.26039732144
"986",5674,9987.55554019011,9998.65334474112,9998.73080151146
"987",81220,9985.23386937245,9994.13219871698,9995.62229901062
"988",19392,9998.02793145027,9997.35397660039,9995.94127326874
"989",54673,9985.25268086712,9994.75267770253,9996.05738939274
"990",5376,9994.08407998504,9998.90962172273,9998.87086662022
"991",17388,9989.82783338482,9997.91774674302,9998.40433555235
"992",23350,9998.05248566539,9996.6423471663,9994.99416077835
"993",54871,9991.0187551304,9995.90846915223,9996.59391142897
"994",5380,9991.71977448658,9998.46809848181,9998.32103121116
"995",44650,9993.34563355241,9998.17135149031,9998.69160426437
"996",68655,9991.18622121573,9998.98810199144,9999.52894093368
"997",41378,9998.07424895502,9998.05990020083,9998.54204116252
"998",91430,9998.02506646411,9998.94029308466,9998.99190062085
"999",70702,9998.05272454757,9997.35849166534,9998.60576524136
"1000",19110,9997.16,9991.97,9993.00597618335
"1001",50590,9985.43,9988.79,9990.12278676197
"1002",47660,9998.86,9998.64,9999.05154102989
"1003",15109,9998.01,9998.66,9999.37142843505
"1004",66318,9990.97,9997.69,9998.18137987619
"1005",68533,9996.78,9998.77,9999.47381797335
"1006",15764,9998.04,9999.56,10000.2031577705
"1007",15218,9998.87,9999.41,9999.89976891963
"1008",23182,9997.49,9998.58,9999.29664807318
"1009",15837,9998.52,9998.99,9999.87185459614
"1010",19532,9994.28,9987.36,9989.07773342701
"1011",91798,9998.03,9998.94,9999.56429947334
"1012",15455,9998.62,9999.62,10000.2608258433
"1013",15051,9996.53,9999.54,10000.1089701877
"1014",97001,9999.48,9999.47,10000.1530079049
"1015",52685,9998.41,9995.49,9997.34520542943
"1016",17174,9986.31,9997.55,9998.17928450679
"1017",15861,9998.98,9999.72,10000.1010906724
"1018",23678,9997.33,9998.11,9998.59401915123
"1019",15106,9998.73,9999.38,9999.88637725792
"1020",8634,9996.74,9998.25,9998.82066527622
"1021",52019,9998.03,9999.36,9999.35971009373
"1022",86573,9992.51,9995.91,9996.1172570175
"1023",52233,9997.76,9994.4,9990.72737803566
"1024",25175,9997.46,9999.3,9999.84515493149
"1025",13654,9990.91,9998.91,9999.25683070702
"1026",54128,9997.46,9998.97,9999.12453114615
"1027",25290,9991.97,9999.13,9999.52592106021
"1028",5240,9997.87,9997.79,9996.76320406093
"1029",25019,9990.77,9998.6,9999.18687447693
"1030",17513,9989.24,9998.09,9998.56759488299
"1031",68327,9997.95,9998.93,9999.61663637599
"1032",13688,9997.15,9996.97,9996.44825270799
"1033",5890,9987.68,9996.31,9994.87429594486
"1034",15822,9999.18,9999.51,10000.1117438639
"1035",73443,9996.51,9995.72,9997.1392449211
"1036",20614,9997.07,9998.43,9998.44979626745
"1037",15362,9998.53,9999.37,10000.1236228907
"1038",15223,9999.26,9997.43,9996.91428334017
"1039",19821,9998.86,9998.1,9995.65836778796
"1040",13873,9987.91,9998.67,9998.93217741557
"1041",52287,9997.91,9997.87,9998.18142182371
"1042",15293,9997.06,9999.42,10000.0659120207
"1043",15522,9998.5,9999.35,9999.80711332425
"1044",63212,9995.59,9996.76,9997.05797378795
"1045",94883,9999.41,9999.32,10000.0001684981
"1046",25483,9998.4,9998.31,9998.80356497696
"1047",5021,9986.24,9998.81,9999.13062049224
"1048",25126,9998.07,9999.46,10000.0288333762
"1049",52250,9996.61,9993.48,9992.40515406817
"1050",47189,9986.28,9998.44,9998.84784829993
"1051",68385,9995.27,9999,9999.37807481319
"1052",85230,9995.99,9999.18,9999.40038803529
"1053",15022,9994.69,9999.35,10000.0011412237
"1054",86219,9991.45,9996.47,9997.25740333161
"1055",25377,9998.96,9998.63,9999.40625659198
"1056",76111,9990.98,9994.28,9994.92427145035
"1057",20621,9994.88,9998.78,9998.97221321598
"1058",50223,9971.94,9998.99,9998.7032059076
"1059",50577,9965.82,9996.06,9995.47379621898
"1060",86865,9991.82,9994.63,9994.35929637757
"1061",50287,9977.11,9998.03,9998.38969545727
"1062",68524,9996.39,9998.9,9999.51997276522
"1063",50683,9951.66,9999.15,9998.46356298996
"1064",20750,9983.75,9998.12,9998.85839081504
"1065",54405,9989.4,9998.32,9998.47931427317
"1066",68686,9997.58,9998.9,9999.52941126471
"1067",50680,9996.16,9996.71,9997.8713942414
"1068",54874,9994.28,9996.78,9997.55646039871
"1069",85250,9990.93,9999.21,9999.01990660146
"1070",50270,9977.35,9998.63,9999.09728875794
"1071",47245,9996.38,9998.5,9999.13212650755
"1072",54245,9995.1,9992,9993.93521890745
"1073",19256,9993.24,9988.76,9990.78184143559
"1074",70233,9992.55,9999.08,9999.57017920678
"1075",54250,9970.73,9990.51,9988.53203137166
"1076",5148,9990.84,9997.55,9998.04955184173
"1077",68245,9995.22,9998.88,9999.49621135525
"1078",76246,9988.37,9995.12,9994.35267680828
"1079",95025,9988.49,9996.58,9997.6272546269
"1080",44110,9994.9,9998.8,9999.08235455622
"1081",54261,9982.88,9996.85,9996.79539224374
"1082",5250,9998.28,9990.95,9991.2686149159
"1083",5697,9986.44,9998.23,9998.46308957353
"1084",50245,9998.03,9998.08,9998.87184184626
"1085",91263,9998.03,9998.94,9999.56429947332
"1086",25245,9996.44,9998.43,9999.19770150107
"1087",20238,9987.96,9997.92,9998.62354165173
"1088",50251,9885.76,9998.19,9998.53340032391
"1089",25260,9998.19,9998.91,9999.58809647106
"1090",25001,9995.8,9998.83,9999.32957348064
"1091",76250,9992.78,9995.15,9995.00543876019
"1092",76248,9994.59,9994.35,9994.883429332
"1093",20250,9991.87,9997.3,9998.16111028071
"1094",15322,9993.18,9998.99,9999.63250005456
"1095",5107,9994.59,9991.32,9987.99263838626
"1096",52427,9997.02,9996.63,9995.24579826311
"1097",27660,9990.04,9992.69,9994.1801079541
"1098",52506,9997.98,9999.22,9999.17450121651
"1099",25867,9983.68,9998.92,9999.28928409581
"1100",20770,9997.41,9998.2,9998.54829512498
"1101",13248,9998.93,9998.48,9998.97438902025
"1102",5310,9987.37,9997.33,9997.75280615451
"1103",94343,9999.41,9999.32,9999.82947746912
"1104",50573,9994.52,9997.81,9998.47760258231
"1105",15600,9998.87,9998.93,9999.651084087
"1106",13667,9999.29,9998.69,9999.08126603596
"1107",94886,9999.41,9999.32,10000.0001684981
"1108",52317,9998.62,9998.71,9998.5263518048
"1109",68296,9997.68,9998.9,9999.54346142061
"1110",19100,9997.94,9993.66,9994.5139595544
"1111",15135,9995.95,9999.42,10000.0889441683
"1112",13268,9998.89,9998.45,9999.06764176095
"1113",15761,9994.8,9999.4,9999.8925413957
"1114",13683,9990.31,9997.2,9998.05597554089
"1115",19318,9997.87,9998.01,9995.54939456967
"1116",25486,9999.57,9998.89,9999.62990340326
"1117",5856,9989.92,9996.28,9996.72069113979
"1118",27205,9997.17,9998.2,9997.74782194712
"1119",15047,9992.36,9998.79,9999.49228630131
"1120",73055,9986.44,9998.43,9998.50151201726
